;Tweets;len;ID;Created;Source;Likes;RTs
0;ğŸ‘ğŸ¼ğŸ‘ğŸ¼ğŸ‘ğŸ¼ https://t.co/nI9FOJEZt4;30;1579499267403960320;2022-10-10 15:49:05;Twitter for iPhone;15074;564
1;RT @England: We are uniting with nine other European countries in support of OneLove, a campaign that will use the power of football to proâ€¦;140;1572568697822400514;2022-09-21 12:49:29;Twitter for iPhone;0;234
2;ğŸ´ó §ó ¢ó ¥ó ®ó §ó ¿ğŸ‘ŒğŸ¼ @England https://t.co/aDb1xMcqyK;42;1572568571909373954;2022-09-21 12:48:59;Twitter for iPhone;45800;1769
3;RT @ManUtd: In memory of Her Majesty Queen Elizabeth II. https://t.co/Iw7Rkfy3Tt;80;1571802917971148801;2022-09-19 10:06:32;Twitter for iPhone;0;2599
4;Great team effort. Thanks to the fans who travelled so far, as always you were unbelievable ğŸ”´âš«ï¸âšªï¸ #mufc https://t.co/ov8DxynYcU;127;1570507523656134656;2022-09-15 20:19:06;Twitter for iPhone;23937;843
5;"RT @ManUtd: A final Carrington workout before we head to Moldova ğŸ‡²ğŸ‡©

#MUFC || #UEL https://t.co/2HTAz1koQt";106;1570109450442129408;2022-09-14 17:57:18;Twitter for iPhone;0;633
6;Rest in peace, Her Majesty The Queen. Thoughts are with the Royal Family at this sad time. https://t.co/PuRFj7L4Oo;114;1567995809278328837;2022-09-08 21:58:27;Twitter for iPhone;45854;2097
7;"RT @ManUtd: Target practice ğŸ¯

#MUFC https://t.co/GHC1qXRzCe";60;1566847461850861568;2022-09-05 17:55:20;Twitter for iPhone;0;818
8;"Well done lads great team effort. ğŸ’ªğŸ¼ 

Fans were incredible.  ğŸ”´âšªï¸âš«ï¸ #MUFC https://t.co/W4ccYxh567";97;1566507184447520770;2022-09-04 19:23:11;Twitter for iPhone;78569;3649
9;"RT @ManUtd: Racing towards our next #PL matchday ğŸ‘Š

#MUFC || #MUNARS https://t.co/CjUA04UKHo";92;1565778834871488516;2022-09-02 19:08:59;Twitter for iPhone;0;1087
10;"Please support Dillan â¤ï¸

https://t.co/SdawG4isfV https://t.co/tpo1A2MKhN";73;1565664911862235137;2022-09-02 11:36:18;Twitter for iPhone;21037;3906
11;Welcome @antony00 ğŸ™ŒğŸ¼ğŸ”´ https://t.co/EWW3jmlW3a;45;1565263604303142912;2022-09-01 09:01:39;Twitter for iPhone;39044;1900
12;"RT @ManUtd: Training time â°

#MUFC || #PL https://t.co/l6Eyo6Mb94";65;1562122485734187008;2022-08-23 16:59:58;Twitter for iPhone;0;2137
13;"RT @ManUtd: Good morning, Reds ğŸ˜

#MUFC || @Casemiro https://t.co/6LorSfqego";76;1562044716870426624;2022-08-23 11:50:56;Twitter for iPhone;0;5448
14;"RT @ManUtd: WHAT. A. WIN! ğŸ˜

#MUFC || #MUNLIV";45;1562044564508184576;2022-08-23 11:50:20;Twitter for iPhone;0;21020
15;Canâ€™t wait to see a packed Old Trafford again tomorrow. ğŸ™ŒğŸ”´ #MUFC https://t.co/kiVUSna9aB;88;1555891420501770240;2022-08-06 12:19:56;Twitter for iPhone;68717;3543
16;RT @England: Incredible. Just incredible. https://t.co/YrAcbW8ZuF;65;1553814772633722886;2022-07-31 18:48:04;Twitter for iPhone;0;1483
17;"RT @ManUtdWomen: OUR REDS ARE #WEURO2022 CHAMPIONS ğŸ†â¤ï¸

ğŸ´ó §ó ¢ó ¥ó ®ó §ó ¿ Mary Earps
ğŸ´ó §ó ¢ó ¥ó ®ó §ó ¿ @EllaToone99
ğŸ´ó §ó ¢ó ¥ó ®ó §ó ¿ @AlessiaRusso7 

#MUWomen || #Lioneâ€¦";140;1553813753522692097;2022-07-31 18:44:01;Twitter for iPhone;0;2208
18;Huge congratulations to @Lionesses. Brilliant game. History made. The whole country is proud of you. Enjoy the celeâ€¦ https://t.co/uGC5vGFIAt;140;1553813141036867587;2022-07-31 18:41:35;Twitter for iPhone;4718;258
19;"RT @ManUtd: United family â¤

The very best of luck to our three @Lionesses in today's #WEURO2022 final! 

#MUFC || @HarryMaguire93 https://â€¦";140;1553702172768047105;2022-07-31 11:20:39;Twitter for iPhone;0;516
20;@England @Lionesses @wembleystadium @BBCOne Good luck @Lionesses. Weâ€™re all proud of you. Enjoy it. Come on! ğŸ’ªğŸ¼ğŸ´ó §ó ¢ó ¥ó ®ó §ó ¿ğŸ¦;119;1553686125239222272;2022-07-31 10:16:53;Twitter for iPhone;631;28
21;"RT @England: Our England. Our family. Our time.

Full support for the @Lionesses from the #ThreeLions ahead of today's #WEURO2022 final! htâ€¦";140;1553685809282392064;2022-07-31 10:15:37;Twitter for iPhone;0;330
22;Thanks for the incredible support in Oslo today ğŸ‘ğŸ¼ğŸ”´ğŸ‡³ğŸ‡´ #MUFC https://t.co/pRXZyO29fl;83;1553391382403973120;2022-07-30 14:45:40;Twitter for iPhone;12480;444
23;Wave and smile, the @pumafootball ULTRA is taking off ğŸš€ #PUMAULTRA https://t.co/MlMlvRCBmm;90;1553015888382672899;2022-07-29 13:53:36;Twitter for iPhone;6072;228
24;"RT @TripleSComms: ğŸ“¸ Great shoot with @HarryMaguire93 and @PUMA for the launch of the new @pumafootball ULTRA. ğŸ™ŒğŸ“¹âš½ï¸

#TripleSComms #TripleSGâ€¦";140;1552692760620285954;2022-07-28 16:29:36;Twitter for iPhone;0;22
25;@Lionesses What a team and performance  @Lionesses honour to be there tonight, now go win it ğŸ´ó §ó ¢ó ¥ó ®ó §ó ¿ğŸ¦ğŸ¦ğŸ¦ #weuro2022;114;1552044198517362688;2022-07-26 21:32:27;Twitter for iPhone;2210;90
26;"RT @ManUtd: New week. Fresh challenges.

Our final two pre-season fixtures are coming soon ğŸ‘Š

#MUFC || #MondayMotivation https://t.co/osIKmâ€¦";140;1551891450698276865;2022-07-26 11:25:29;Twitter for iPhone;0;1065
27;"RT @ManUtd: ğŸ‡¦ğŸ‡º Catch all the best bits from our first day in Perth in the latest episode of United Daily ğŸ“½ï¸

#MUFC || #MUTOUR222";128;1550402409515651073;2022-07-22 08:48:34;Twitter for iPhone;0;227
28;Thanks for the great reception Perth. ğŸ™ŒğŸ‡¦ğŸ‡ºğŸ‘ #MUFC #MUTOUR22 @ManUtd https://t.co/Mvl0w0Ddto;90;1550073080151773184;2022-07-21 10:59:55;Twitter for iPhone;13858;740
29;@England @Lionesses Class @Lionesses. On to the semi-finals ğŸ‘ğŸ¼ğŸ†ğŸ¦;64;1549890611897143302;2022-07-20 22:54:52;Twitter for iPhone;1641;40
30;"RT @ManUtd: ğŸ“½ï¸ Check in with the squad in today's United Daily, as we're onto the next destination of #MUTOUR22 âœˆï¸

#MUFC";121;1549888647851393025;2022-07-20 22:47:03;Twitter for iPhone;0;400
31;Good luck @Lionesses ğŸ™ŒğŸ¼ğŸ¦ğŸ´ó §ó ¢ó ¥ó ®ó §ó ¿ https://t.co/B4GGTKWpef;55;1549707979557146625;2022-07-20 10:49:09;Twitter for iPhone;2545;92
32;"RT @ManUtd: Winning team! ğŸ’ª

#MUFC || #MUTOUR22 https://t.co/NrNXSCBTfc";71;1548630534682820608;2022-07-17 11:27:46;Twitter for iPhone;0;1863
33;"RT @ManUtd: ğŸ”´ U N I T E D ğŸ”´

#MUFC || #MUTOUR22 https://t.co/Stips1nR7y";71;1548581604402122753;2022-07-17 08:13:20;Twitter for iPhone;0;2194
34;ğŸ™‚âœï¸ğŸ”´ğŸ‡¹ğŸ‡­ #MUTOUR22 https://t.co/DnjVZTG4zP;40;1546145464936005636;2022-07-10 14:52:59;Twitter for iPhone;15526;1030
35;Thank you for the amazing welcome to Bangkok, appreciate all the support. Straight into a great team session to kicâ€¦ https://t.co/60w4K6NoXL;140;1546037600733073408;2022-07-10 07:44:22;Twitter for iPhone;19926;1220
36;A shirt to be proud of. Letâ€™s go @ManUtd ğŸ™ŒğŸ¼ğŸ”´ #mufc https://t.co/qQ6rbC5XtB;74;1545438020412837888;2022-07-08 16:01:51;Twitter for iPhone;89745;4436
37;A winning start - What an atmosphere at Old Trafford ğŸ”¥ Well done @Lionesses @WEURO2022 ğŸ‘ğŸ¼ https://t.co/P9WjkDahWs;113;1544795507339436035;2022-07-06 21:28:44;Twitter for iPhone;7475;318
38;@T_Malacia @ManUtd Welcome @T_Malacia ğŸ¤ğŸ”´;40;1544422400250494976;2022-07-05 20:46:08;Twitter for iPhone;6329;183
39;Felt good to be back at Carrington today. Great to see all the lads and staff. 2022/23 begins. ğŸ™ŒğŸ¼ğŸ”´ #mufc https://t.co/WyTka11vFm;128;1544030053754978304;2022-07-04 18:47:06;Twitter for iPhone;50744;2041
40;"RT @ManUtd: On the move â©

#MUFC https://t.co/o45c80NtHB";56;1544023079390773249;2022-07-04 18:19:23;Twitter for iPhone;0;793
41;Great the meet these local lads and take them for a session ğŸ™‚ğŸ‡®ğŸ‡¹ https://t.co/LnsZvop84y;87;1542800204461744128;2022-07-01 09:20:07;Twitter for iPhone;3682;85
42;Keep running ğŸ’ªğŸ»ğŸƒâ€â™‚ï¸ #preseason ğŸ‡®ğŸ‡¹ https://t.co/AcViYZNxca;57;1542799951587065857;2022-07-01 09:19:06;Twitter for iPhone;17829;661
43;"25.06.22
A day Iâ€™ll never forget â¤ï¸ https://t.co/f936ciUctb";59;1540719285496156160;2022-06-25 15:31:17;Twitter for iPhone;158107;8109
44;Class ğŸ‘ğŸ‘ğŸ‘. Congratulations @MattFitz94 ğŸ™ŒğŸ† https://t.co/ycye0BDzpz;65;1538811177781936129;2022-06-20 09:09:09;Twitter for iPhone;943;20
45;Congratulations to @Tom_Grennan and everyone at @socceraid for @UNICEF_uk who helped raise Â£15.6m to help childrenâ€¦ https://t.co/4CTtFWSBZD;139;1536415002919424004;2022-06-13 18:27:36;Twitter for iPhone;3400;108
46;"RT @England: Backed by the #ThreeLions fans in Munich.

Thank you for following #EnglandAway ğŸ‘ https://t.co/WYuQggE3s5";118;1534511264193515520;2022-06-08 12:22:49;Twitter for iPhone;0;67
47;It was an honour to visit the Manchester United Memorial at Manchesterplatz to pay my respects to the 23 people, inâ€¦ https://t.co/BfqJdI8fgU;140;1534461386646073346;2022-06-08 09:04:38;Twitter for iPhone;26857;1049
48;Thanks for your unbelievable support #EnglandAway ğŸ˜ https://t.co/ykzXIn5j5h;75;1534426278924898304;2022-06-08 06:45:07;Twitter for iPhone;12130;320
49;RT @England: All smiles in our Thursday session at SGP! ğŸ˜ https://t.co/sIBuz8RGb5;81;1532372807803613184;2022-06-02 14:45:22;Twitter for iPhone;0;105
50;Congratulations on your #PlatinumJubilee, Your Majesty ğŸ‡¬ğŸ‡§â¤ï¸ https://t.co/5Ma81CyZcJ;83;1532371618655248389;2022-06-02 14:40:38;Twitter for iPhone;4164;115
51;For the fans â¤ğŸ“²ğŸ‘ https://t.co/XSvzHdG2eD;40;1529857844559941634;2022-05-26 16:11:48;Twitter for iPhone;4218;111
52;"RT @ManUtd: ğŸ”¥ Introducing the new home for everything United... 

#MUFC";71;1529857142978760704;2022-05-26 16:09:00;Twitter for iPhone;0;660
53;Time to go away, reflect and make sure we come back next season ready for the challenge. A huge thanks to the fansâ€¦ https://t.co/8kDBSQw4gy;139;1528487992230301696;2022-05-22 21:28:29;Twitter for iPhone;5979;285
54;Disappointing end to a season full of lows , we are so hurt with how this season as gone. The squad  take full respâ€¦ https://t.co/KvF1NnJofF;140;1528487952141238272;2022-05-22 21:28:20;Twitter for iPhone;25080;1394
55;@ManUtd Brilliant lads ğŸ‘ğŸ‘ğŸ‘;26;1524621084083032064;2022-05-12 05:22:47;Twitter for iPhone;6264;115
56;RT @TripleSSports: ğŸ¯ğŸ‘ @HarryMaguire93 https://t.co/tLYbnjin6h;61;1516031404022325248;2022-04-18 12:30:27;Twitter for iPhone;0;461
57;"RT @ManUtd: A wholesome full-time moment between @NemanjaMatic and Old Trafford â¤ï¸

#MUFC | #PL";95;1516031291891855370;2022-04-18 12:30:01;Twitter for iPhone;0;293
58;"RT @MU_Foundation: ""Theyâ€™ve met their heroes! It will give the students aspirations to do and to reach whatever they want to be"" ğŸ¤©

Primaryâ€¦";140;1512082777063133189;2022-04-07 15:00:01;Twitter for iPhone;0;263
59;"RT @ManUtd: Giving something back.

â¤ï¸ @HarryMaguire93 

#MUFC | #MUNLEI https://t.co/LeZWEM0UuC";96;1510337926810542091;2022-04-02 19:26:37;Twitter for iPhone;0;458
60;@Riverthechamp Thanks a lot River. Keep fighting my friend â¤ï¸ See you soon mate ğŸ’ª;81;1509254507259207685;2022-03-30 19:41:29;Twitter for iPhone;4756;109
61;@England @HKane @JackGrealish @JHenderson @sterling7 ğŸ´ó §ó ¢ó ¥ó ®ó §ó ¿â¤ï¸;62;1509132555454451721;2022-03-30 11:36:54;Twitter for iPhone;10520;173
62;Enjoyable week playing for my country ğŸ´ó §ó ¢ó ¥ó ®ó §ó ¿â¤ï¸ https://t.co/8oHZiOlhpe;71;1509061217066921984;2022-03-30 06:53:25;Twitter for iPhone;103419;2665
63;"RT @ManUtd: Wishing @ManUtdWomen the very best of luck as we take on Everton this lunchtime! ğŸ‘

ğŸ”´ #ChangeTheGame 

#MUFC | #MUWomen";131;1508032973555314688;2022-03-27 10:47:33;Twitter for iPhone;0;203
64;Good luck @ManUtdWomen. Looking forward to watching. Get down to Old Trafford and support if you can ğŸ™ŒğŸ”´ https://t.co/zl9WF2YPmH;127;1508027926276718594;2022-03-27 10:27:30;Twitter for iPhone;4002;168
65;@Riverthechamp @ManUtd Looking good @Riverthechamp ğŸ‘ŒğŸ¼;53;1503389899722043399;2022-03-14 15:17:38;Twitter for iPhone;1069;21
66;The reaction we needed ğŸ’ªğŸ”´ @Cristiano ğŸ https://t.co/t5bqCtPPBZ;62;1502774803983478796;2022-03-12 22:33:28;Twitter for iPhone;71132;3217
67;@Riverthechamp Thanks River. See you soon â¤ï¸;44;1500059638032650240;2022-03-05 10:44:22;Twitter for iPhone;947;13
68;RT @Riverthechamp: Nearly half way now lads Radiotherapy done  .. @HarryMaguire93 @ManUtd just my chemo left now till December â€¦ love you aâ€¦;140;1497233659446890497;2022-02-25 15:34:56;Twitter for iPhone;0;315
69;@Riverthechamp @ManUtd â¤ï¸;25;1497233526646788099;2022-02-25 15:34:24;Twitter for iPhone;39;0
70;@Riverthechamp @ManUtd Well done River ğŸ’ªğŸ¼â¤ï¸;43;1497210545010712577;2022-02-25 14:03:05;Twitter for iPhone;978;20
71;For everyone asking, itâ€™s my good mate, a big Leeds fan. He was at the ground but not in the pic. Heâ€™s been givingâ€¦ https://t.co/7MMORW7sMR;139;1495680133541281796;2022-02-21 08:41:46;Twitter for iPhone;26087;1106
72;You Reds ğŸ”´ https://t.co/lMFxTvIkTg;34;1495449356287287297;2022-02-20 17:24:45;Twitter for iPhone;79539;3475
73;RT @Riverthechamp: Yes @hotelfootballuk second half ğŸ˜‚ğŸ˜‚ @Riverthechamp is coming bk again , to watch the game .. good luck @ManUtd @HarryMagâ€¦;140;1495442139584544772;2022-02-20 16:56:04;Twitter for iPhone;0;376
74;@Riverthechamp That was for you River ğŸ™ŒğŸ¼â¤ï¸;42;1495441138697781252;2022-02-20 16:52:06;Twitter for iPhone;9487;587
75;"RT @ManUtd: Special moments between @HarryMaguire93 and @RiverTheChamp â¤ï¸

#MUFC";80;1494680343030468613;2022-02-18 14:28:58;Twitter for iPhone;0;509
76;"RT @ManUtd: Once a Red, always a Red â¤ï¸

ğŸ”´ @RiverTheChamp 

#MUFC https://t.co/e9SY1TKLQk";89;1494680292870787076;2022-02-18 14:28:46;Twitter for iPhone;0;326
77;Iâ€™ve seen a lot of reports about this club that arenâ€™t true and this is another. Not going to start posting about eâ€¦ https://t.co/oG43KKyyqh;140;1494603511484588046;2022-02-18 09:23:40;Twitter for iPhone;41845;4112
78;Absolute pleasure to meet this legend today. A great chat and even better kick about. Thanks River. Stay strong ğŸ’ªğŸ¼â€¦ https://t.co/TVIh6ELHdb;139;1494407516456947716;2022-02-17 20:24:51;Twitter for iPhone;55519;2562
79;"6th February 1958. Forever in our hearts. 

#flowersofmanchester ğŸŒ¹ https://t.co/mHOPyXG6fs";90;1490239025940246528;2022-02-06 08:20:45;Twitter for iPhone;14758;706
80;"RT @ManUtd: ğŸ’¬ @HarryMaguire93 was delighted to see his friend Phil Jones return to the fold in recent weeks ğŸ’ªğŸ”´

#MUFC";117;1488526072857731073;2022-02-01 14:54:05;Twitter for iPhone;0;197
81;Wishing everybody celebrating a happy #lunarnewyear! #yearofthetiger https://t.co/YmvgbDy7ER;92;1488523883493969920;2022-02-01 14:45:23;Twitter for iPhone;4734;142
82;"RT @WestwoodLee: 5-a-side team sortedğŸ™âš½ï¸@HarryMaguire93 @JPickford1 

@DPWorldTour @SlyncDDC https://t.co/T9EajDR3Zq";116;1486333422075273221;2022-01-26 13:41:17;Twitter for iPhone;0;19
83;Amazing day at the Pro Am for @SlyncDDC. Thanks for looking after me @SlyncIO, the event this weekend will be a speâ€¦ https://t.co/OuODm2EBG0;140;1486333360519716876;2022-01-26 13:41:02;Twitter for iPhone;3939;171
84;The United Way ğŸ”´ğŸ’ª https://t.co/TiMjw39gpc;41;1485200548936699907;2022-01-23 10:39:39;Twitter for iPhone;52236;1888
85;Thanks for all your support this year. Looking forward to 2022 ğŸ‘ğŸ¼ğŸ™ŒğŸ¼ğŸ”´ğŸ´ó §ó ¢ó ¥ó ®ó §ó ¿ https://t.co/fnyEAjlNwJ;99;1476954308679770121;2021-12-31 16:32:02;Twitter for iPhone;22531;756
86;Finishing the year with a win at Old Trafford ğŸ¤©â¤ï¸ https://t.co/krOCeIi686;73;1476691332940902409;2021-12-30 23:07:04;Twitter for iPhone;36423;1311
87;"RT @ManUtd: Merry Christmas, Reds! ğŸ…â¤ï¸

#MUFC | #Christmas https://t.co/nfvEEK6WML";82;1474767084441808901;2021-12-25 15:40:47;Twitter for iPhone;0;2295
88;Merry Christmas everyone, hope you all have the best day â¤ï¸ğŸ…ğŸ» https://t.co/gFwzjhjaIg;85;1474766961171210248;2021-12-25 15:40:18;Twitter for iPhone;35767;1057
89;"RT @MU_Foundation: ğŸ—£ï¸ â€œItâ€™s so important that we support young people at this special time of year.â€ - @Cristiano

Our menâ€™s and womenâ€™s teâ€¦";140;1474569279655849989;2021-12-25 02:34:47;Twitter for iPhone;0;235
90;"RT @ManUtd: Wednesday's winners ğŸ¥‡

ğŸ“± @Cristiano

#MUFC https://t.co/dQqX0Tx9X5";78;1473851698821095439;2021-12-23 03:03:22;Twitter for iPhone;0;1728
91;@AzzaHandley Hope he enjoyed it have a great Xmas ğŸ„ #MUFC;57;1473383675228303373;2021-12-21 20:03:36;Twitter for iPhone;543;5
92;@ManUtd ğŸ‘‘;9;1473253914443235329;2021-12-21 11:27:59;Twitter for iPhone;1560;27
93;RT @HarryMaguire93: @LKG1958 @champneys @LKG1958 linda please let your inspirational niece Holli of the great Manchester Wythenshawe  @NHSâ€¦;139;1473046959741186053;2021-12-20 21:45:37;Twitter for iPhone;0;7
94;@LKG1958 @champneys @LKG1958 linda please let your inspirational niece Holli of the great Manchester Wythenshaweâ€¦ https://t.co/X4UZuMUps5;137;1473046627887857671;2021-12-20 21:44:18;Twitter for iPhone;271;7
95;@msmcglau @champneys @msmcglau admire all the front line workers please dm me your address merry Xmas ğŸ„have a great time with your finance;138;1472750228352778251;2021-12-20 02:06:31;Twitter for iPhone;11;2
96;@RichardRedman18 Have a great Xmas pleased he likes it ğŸ˜Š;56;1472747643277357059;2021-12-20 01:56:15;Twitter for iPhone;5;0
97;@BBCSport @EmmaRaducanu Well done @EmmaRaducanu incredible achievement #SPOTY;77;1472736784677285896;2021-12-20 01:13:06;Twitter for iPhone;461;7
98;@sloth_sloman @ManUtd ğŸ˜Š she will have a lovely time Iâ€™m sure;60;1472713294205050882;2021-12-19 23:39:45;Twitter for iPhone;1896;19
99;@sloth_sloman @champneys @sloth_sloman scott please go have nice break @champneys with your wife she deserve it forâ€¦ https://t.co/pKPjOIHB2d;140;1472691169368985608;2021-12-19 22:11:50;Twitter for iPhone;20;0
100;"RT @England: The BBC Sports Personality Coach of the Year 2021 ğŸ‘

Congratulations, Gareth! https://t.co/wfBrNUynDv";114;1472673005889376257;2021-12-19 20:59:40;Twitter for iPhone;0;770
101;@BBCSport @BBCNews well done Gaffer â¤ï¸ letâ€™s go win it next year;64;1472672637243600898;2021-12-19 20:58:12;Twitter for iPhone;2633;62
102;"RT @BBCSport: The BBC Sports Personality Team of the Year 2021 isâ€¦

ğŸŒŸ @England ğŸŒŸ

#SPOTY";88;1472672300591984643;2021-12-19 20:56:52;Twitter for iPhone;0;255
103;RT @England: The #ThreeLions are the BBC Sports Personality Team of the Year 2021! ğŸ´ó §ó ¢ó ¥ó ®ó §ó ¿ https://t.co/k1ioLzK0a8;114;1472672288147443719;2021-12-19 20:56:49;Twitter for iPhone;0;486
104;RT @HarryMaguire93: @EllisClarkSport @champneys @CourtenaySUFC @EllisClarkSport delighted to accept your nomination for @CourtenaySUFC fromâ€¦;140;1472631039206072324;2021-12-19 18:12:54;Twitter for iPhone;0;18
105;@EllisClarkSport @champneys @CourtenaySUFC @EllisClarkSport delighted to accept your nomination for @CourtenaySUFCâ€¦ https://t.co/EpA7gXbcwY;139;1472629442770083845;2021-12-19 18:06:33;Twitter for iPhone;293;18
106;Hi everyone, Iâ€™m giving away a few Â£500 @champneys gift vouchers to unsung heroes be it your mum or a NHS worker asâ€¦ https://t.co/LdhoviWGqE;140;1471816807086444544;2021-12-17 12:17:26;Twitter for iPhone;2118;142
107;Glad he liked it. Have a great Christmas ğŸ™‚ https://t.co/rQrL3clH41;66;1471387517937233923;2021-12-16 07:51:35;Twitter for iPhone;8702;178
108;Sorry I couldnâ€™t make it. Have a great Christmas ğŸ™‚ğŸ„ğŸ…ğŸ» https://t.co/muIXTFHAnK;77;1471370524823625732;2021-12-16 06:44:04;Twitter for iPhone;2315;69
109;Itâ€™s the season to treat yourself or buy some last minute gifts ğŸ ğŸ„ @pumafootball have linked me up with 35% off whâ€¦ https://t.co/7j6pt6mhnn;140;1470115037150949388;2021-12-12 19:35:12;Twitter for iPhone;3164;94
110;"RT @ManUtd: We ğ’ğ’†ğ’—ğ’†ğ’“ give in âœŠğŸ”´

#MUFC | #NORMUN https://t.co/f6831hzm5e";72;1469767389881544709;2021-12-11 20:33:47;Twitter for iPhone;0;1056
111;"RT @ManUtd: ""Oh, what fun it is to see United win away!"" ğŸ¶

Thank you for your incredible support yet again, Reds âœŠğŸ”´âšªï¸âš«ï¸

#MUFC | #NORMUN hâ€¦";140;1469767333237374978;2021-12-11 20:33:33;Twitter for iPhone;0;590
112;"3 points. Clean sheet. Move on. 
Thanks for your support, see you Tuesday ğŸ”´â¤ï¸ #MUFC https://t.co/QDQMZ7M82C";107;1469767279659433990;2021-12-11 20:33:21;Twitter for iPhone;26052;1190
113;@ManUtd Congratulations lads. ğŸ‘ğŸ¼ğŸ‘ğŸ¼ğŸ‘ğŸ¼;36;1468864629736624131;2021-12-09 08:46:32;Twitter for iPhone;3613;54
114;"That one was for you @carras16. 
Thanks for everything legend ğŸ”´ğŸ¤ https://t.co/RL8UsXbKHT";88;1466675464760614914;2021-12-03 07:47:34;Twitter for iPhone;35687;1416
115;Amazing night at @RobboFilm premiere. A true inspiration @bryanrobson ğŸ”´ #Robbo https://t.co/VeMPe9zPFW;102;1464150680155967490;2021-11-26 08:34:59;Twitter for iPhone;11246;297
116;"RT @ManUtd: ğ” ğ ğˆ ğ“ ğ„ ğƒ âœŠ

#MUFC | #UCL https://t.co/IdUFKGYxl3";63;1463455972844789763;2021-11-24 10:34:28;Twitter for iPhone;0;2667
117;"RT @ManUtd: Together. ğ”ğ§ğ¢ğ­ğğ. ğŸ‘Š

#MUFC | #UCL https://t.co/GxtOkwtuVa";69;1463254417638100992;2021-11-23 21:13:33;Twitter for iPhone;0;1791
118;"RT @ManUtd: Job. Done. âœŠ

#MUFC | #UCL";38;1463254396360437768;2021-11-23 21:13:28;Twitter for iPhone;0;8110
119;You signed me for the best club in the world and gave me the biggest honour in football. Huge respect and forever gâ€¦ https://t.co/HmnN25iq99;140;1462428221832585222;2021-11-21 14:30:33;Twitter for iPhone;88948;5221
120;"RT @England: The #ThreeLions' all-time highest scoring centre-back.

ğŸ‘ @HarryMaguire93 https://t.co/D4cS8P7Ikg";110;1460644287138435073;2021-11-16 16:21:50;Twitter for iPhone;0;262
121;"RT @England: Qualification: secured âœ…

The #ThreeLions are heading to next year's @FIFAWorldCup! https://t.co/x6cgOojZph";120;1460508765321633793;2021-11-16 07:23:19;Twitter for iPhone;0;5308
122;Brilliant way to finish the year - Qatar letâ€™s go ğŸ´ó §ó ¢ó ¥ó ®ó §ó ¿â¤ï¸ https://t.co/GasM6a13CM;83;1460373457716367369;2021-11-15 22:25:39;Twitter for iPhone;20134;691
123;"Amazing feeling scoring for my country. 
Looking forward to Monday. ğŸ´ó §ó ¢ó ¥ó ®ó §ó ¿â¤ï¸ https://t.co/1NBONq7r5X";101;1459614771817365505;2021-11-13 20:10:54;Twitter for iPhone;17690;535
124;Ready for tomorrow ğŸ’ªğŸ¼ğŸ´ó §ó ¢ó ¥ó ®ó §ó ¿ https://t.co/qE0z7KteB5;52;1458838940346208266;2021-11-11 16:48:01;Twitter for iPhone;13705;364
125;"RT @England: Before today's training session, the #ThreeLions paused to remember those who made the ultimate sacrifice.

#LestWeForget httpâ€¦";140;1458777069870067714;2021-11-11 12:42:10;Twitter for iPhone;0;349
126;"RT @ManUtd: Lest we forget.

#ArmisticeDay https://t.co/ZrPKxDxv0u";66;1458775856365674499;2021-11-11 12:37:21;Twitter for iPhone;0;2444
127;RT @England: The hard work continues ğŸ‘Š https://t.co/MZowVicZA9;62;1458725098635071488;2021-11-11 09:15:39;Twitter for iPhone;0;160
128;@MarcusRashford @KensingtonRoyal Congratulations mate ğŸ‘ğŸ¼ğŸ‘ğŸ¼;58;1458137953687986183;2021-11-09 18:22:33;Twitter for iPhone;3842;54
129;As a group of players we are going through a tough period. We know and accept this is nowhere near good enough. Weâ€¦ https://t.co/fzS4CwTQOq;139;1457296730068766720;2021-11-07 10:39:50;Twitter for iPhone;16339;1022
130;Always an honour ğŸ´ó §ó ¢ó ¥ó ®ó §ó ¿ https://t.co/9C9NIeshZ8;48;1456263079591772163;2021-11-04 14:12:28;Twitter for iPhone;5618;168
131;"RT @ManUtd: ğŸ´ó §ó ¢ó ¥ó ®ó §ó ¿ Three Reds have been named in the latest @England squad ğŸ‘

ğŸ”´ @HarryMaguire93
ğŸ”´ @LukeShaw23 
ğŸ”´ @MarcusRashford 

#MUFC |â€¦";140;1456262745385365508;2021-11-04 14:11:09;Twitter for iPhone;0;401
132;@Donny_beek6 @ManUtd ğŸ’ª;22;1455809576746602497;2021-11-03 08:10:25;Twitter for iPhone;5518;109
133;Huge reaction. Thatâ€™s more like it. ğŸ”´ #MUFC https://t.co/eLo9fQpLfy;67;1454527314444886023;2021-10-30 19:15:10;Twitter for iPhone;48259;2159
134;"RT @BBCMOTD: .@TomHeatonGK and @HarryMaguire93 get peddling for the @MU_Foundation!

The @ManUtd duo visited local children with special edâ€¦";140;1451515858757558306;2021-10-22 11:48:43;Twitter for iPhone;0;78
135;âš½ï¸â¤ï¸ğŸ™ŒğŸ¼ #mufc https://t.co/fqwtz7cTWg;36;1451515726418808836;2021-10-22 11:48:11;Twitter for iPhone;25051;1253
136;"RT @ManUtd: ğ—”ğ—»ğ—¼ğ˜ğ—µğ—²ğ—¿ memorable night under the Old Trafford lights ğŸŸâœ¨

#MUFC | #UCL https://t.co/0n66Kk0aoO";106;1450945846351118336;2021-10-20 22:03:41;Twitter for iPhone;0;1500
137;Special night at Old Trafford â¤ï¸ #mufc https://t.co/tO0ZKuJbsK;62;1450945824876281856;2021-10-20 22:03:36;Twitter for iPhone;61675;3315
138;"RT @MU_Foundation: It's always a pleasure to have members of the first team visit our projects ğŸ¤©

Thank you @HarryMaguire93 and @TomHeatonGâ€¦";140;1448686466712969230;2021-10-14 16:25:43;Twitter for iPhone;0;33
139;ğŸ“¸â¤ï¸ @MU_Foundation https://t.co/Nd1xVCdCgS;42;1448603542240079876;2021-10-14 10:56:12;Twitter for iPhone;1429;60
140;It's been great to be out in the local community this week with @MU_Foundation. It's the first one back after the pâ€¦ https://t.co/y3oHiFYzEn;140;1448603318096379905;2021-10-14 10:55:19;Twitter for iPhone;4685;213
141;"RT @ManUtd: Good news, @HarryMaguire93 ğŸ™

#MUFC https://t.co/vrPjWN8bQa";71;1448580611376091136;2021-10-14 09:25:05;Twitter for iPhone;0;810
142;@England Letâ€™s go lads ğŸ™ŒğŸ¼ğŸ´ó §ó ¢ó ¥ó ®ó §ó ¿;32;1447985182376710153;2021-10-12 17:59:04;Twitter for iPhone;1788;34
143;"RT @promotion_fit: #ProMOTIONEV1 improved the timescale of @harrymaguire93 recovery from injury for the #Euros2020 âš½

Head to our website hâ€¦";140;1447909373452369929;2021-10-12 12:57:50;Twitter for iPhone;0;14
144;"RT @ManUtd: This header from @HarryMaguire93 = scenes at Chelsea away! ğŸ’¥

#MUFC | #GoalOfTheDay https://t.co/4QzImFQnxW";119;1447833854207746049;2021-10-12 07:57:44;Twitter for iPhone;0;438
145;4 years since my @England debut. Good luck to the lads tonight ğŸ™ŒğŸ¼ğŸ´ó §ó ¢ó ¥ó ®ó §ó ¿ğŸ¦ https://t.co/lUa1rK38Dx;97;1446787533858394119;2021-10-09 10:40:02;Twitter for iPhone;19735;579
146;HUGE win ğŸ’ªğŸ”´ #mufc https://t.co/Ck5GqSeLiC;41;1443458821138042882;2021-09-30 06:12:55;Twitter for iPhone;62425;2810
147;"RT @ManUtd_ID: Cepat sembuh, @HarryMaguire93 ğŸ™

#MUFC

 https://t.co/Fal7UYGECg";79;1442135175811403785;2021-09-26 14:33:14;Twitter for iPhone;0;45
148;"RT @ManUtd: We move together ğŸ‘Šâ¤ï¸

#MUFC https://t.co/51Xq54MrX2";63;1440937577494810624;2021-09-23 07:14:24;Twitter for iPhone;0;1677
149;Good luck lads ğŸ™ŒğŸ¼ğŸ”´ https://t.co/EShW5x7EaG;42;1440746178526658560;2021-09-22 18:33:51;Twitter for iPhone;13738;489
150;"RT @ManUtd: â†ªï¸ Turning our attentions to the #CarabaoCup! ğŸ†

#MUFC https://t.co/K2Au6dDXbM";90;1440197345799327744;2021-09-21 06:12:59;Twitter for iPhone;0;1113
151;@ManUtd @D_DeGea ğŸ‘ğŸ‘ğŸ‘;20;1439890656734978050;2021-09-20 09:54:19;Twitter for iPhone;7317;132
152;RT @England: Rest in peace, Jimmy â¤ï¸;36;1439618334333485061;2021-09-19 15:52:12;Twitter for iPhone;0;2921
153;@JesseLingard @ManUtd ğŸ™ŒğŸ¼ğŸ’ªğŸ¼;26;1439618290410741762;2021-09-19 15:52:01;Twitter for iPhone;10328;212
154;"RT @ManUtd: That's a hug from ALL of us, @D_DeGea! ğŸ¤—

#MUFC https://t.co/0y4MqWDGny";83;1439613200941699076;2021-09-19 15:31:48;Twitter for iPhone;0;8033
155;"RT @ManUtd: This is how it feels to be ğ—¨ğ—¡ğ—œğ—§ğ—˜ğ—— ğŸ”´âšªï¸âš«ï¸

#MUFC https://t.co/ejHoPjyNHc";82;1439613037913194497;2021-09-19 15:31:09;Twitter for iPhone;0;10532
156;Football ğŸ¤¯â¤ï¸ https://t.co/lfUv5nXfym;36;1439612983500591107;2021-09-19 15:30:56;Twitter for iPhone;63187;3811
157;Reached 3 million on Instagram and giving away one of my match worn @ManUtd shirts. To see how you can win see hereâ€¦ https://t.co/XGs6iN7aK7;140;1438916732895305733;2021-09-17 17:24:17;Twitter for iPhone;18963;689
158;Focused back on the @premierleague ğŸ”´ #MUFC https://t.co/KV6auwz61x;66;1438570605809385473;2021-09-16 18:28:54;Twitter for iPhone;26955;1101
159;Tough one to take last night but lots of time to bounce back. #MUFC ğŸ”´ https://t.co/aqCBHi1dL8;93;1438026851025362953;2021-09-15 06:28:13;Twitter for iPhone;29832;1047
160;@Mizztashaxlx @ManUtd Iâ€™m glad you enjoyed your day, sorry the picture didnâ€™t come out clear but hopefully the shirâ€¦ https://t.co/LVRUh04NeK;140;1437118298991349764;2021-09-12 18:17:57;Twitter for iPhone;6185;126
161;"RT @ManUtd: ğŸ’­ This time on Saturday ğŸ¥°

#MUFC | #MUNNEW https://t.co/pNpcNRkhQL";78;1437078427086036992;2021-09-12 15:39:31;Twitter for iPhone;0;3196
162;Congratulations @EmmaRaducanu ğŸ‘ğŸ‘ğŸ‘ https://t.co/JYWwrlZ1bV;57;1436935393375662084;2021-09-12 06:11:09;Twitter for iPhone;4884;140
163;"Heâ€™s home and it felt good ğŸ”¥ 
Atmosphere deserved the victoryâ€¦ unbelievable ğŸ‘ğŸ”´ #MUFC https://t.co/5g0QgxmrLG";108;1436935147794927617;2021-09-12 06:10:10;Twitter for iPhone;95496;5163
164;Looking forward to getting the red shirt back on at Old Trafford tomorrow ğŸ™ŒğŸ”´ #mufc https://t.co/EXjuw1nTNT;106;1436337504194596865;2021-09-10 14:35:21;Twitter for iPhone;27392;1317
165;"RT @England: Rest in peace, Dylan Rich.

Forever in our thoughts â¤ï¸ https://t.co/lvdFe2ut4S";91;1435843875814449156;2021-09-09 05:53:51;Twitter for iPhone;0;1615
166;Not the result we wanted but an important point towards World Cup qualification. ğŸ´ó §ó ¢ó ¥ó ®ó §ó ¿ https://t.co/cGUtFIFyAv;112;1435843843128184836;2021-09-09 05:53:43;Twitter for iPhone;19111;522
167;Poland ğŸ‡µğŸ‡±âœˆï¸ https://t.co/KX5YeRjcj9;35;1435308880033112065;2021-09-07 18:27:58;Twitter for iPhone;24723;666
168;RT @England: A fifth #ThreeLions goal for @HarryMaguire93 ğŸ™Œ https://t.co/mZBa0DZHxA;83;1434167497570271235;2021-09-04 14:52:31;Twitter for iPhone;0;144
169;Caption thisâ€¦â€¦..ğŸ‘ˆğŸ¤£ https://t.co/fba2HDGx4l;42;1434167324353966087;2021-09-04 14:51:50;Twitter for iPhone;22181;651
170;"New season now in full flight.
See what makes us fitter and faster every single dayÂ ğŸš€Â 
See the difference atâ€¦ https://t.co/mT2wXXpYbj";133;1433811645055258625;2021-09-03 15:18:29;Twitter for iPhone;2559;96
171;Since last nightâ€™s match Iâ€™ve spoken to my team mates and seen some of the footage. Any discrimination is totally uâ€¦ https://t.co/X9mV3huZRD;140;1433753305855975425;2021-09-03 11:26:40;Twitter for iPhone;32484;1674
172;"Happy Friday everyone ğŸ™ŒğŸ¼ğŸ´ó §ó ¢ó ¥ó ®ó §ó ¿ 
Thanks @LukeShaw23â€¦..pinpoint ğŸ¯ğŸ‘ŒğŸ¼ https://t.co/w4obhDkeEE";90;1433692481695141892;2021-09-03 07:24:59;Twitter for iPhone;7377;264
173;RT @England: Your #ThreeLions ğŸ’™ğŸ¦ https://t.co/9IrS8cJ9CD;56;1433674603839336486;2021-09-03 06:13:56;Twitter for iPhone;0;593
174;RT @England: Team â¤ï¸ğŸ¦ https://t.co/BpHD2PzXtZ;45;1433674537879711771;2021-09-03 06:13:40;Twitter for iPhone;0;1118
175;RT @England: ğŸ’ª @HarryMaguire93 https://t.co/2srtOWLBam;54;1433674331117301770;2021-09-03 06:12:51;Twitter for iPhone;0;340
176;The perfect night ğŸ´ó §ó ¢ó ¥ó ®ó §ó ¿ https://t.co/CghG4FCkFa;49;1433538055974137856;2021-09-02 21:11:21;Twitter for iPhone;40834;1465
177;ğŸ´ó §ó ¢ó ¥ó ®ó §ó ¿ğŸ’ªâš½ï¸ https://t.co/DiMwaLoduK;34;1432804014740082695;2021-08-31 20:34:31;Twitter for iPhone;17373;465
178;"RT @ManUtd: ğŸ‡µğŸ‡¹ğŸ”´ ğ—©ğ—œğ—©ğ—” ğ—¥ğ—¢ğ—¡ğ—”ğ—Ÿğ——ğ—¢ ğŸ”´ğŸ‡µğŸ‡¹

ğŸ¡ @Cristiano is back!

#MUFC | #RonaldoReturns";80;1432630698486161409;2021-08-31 09:05:50;Twitter for iPhone;0;86032
179;A special welcome back to the @England camp. Thanks to everybody who sent the lovely messages ğŸ™ŒğŸ´ó §ó ¢ó ¥ó ®ó §ó ¿â¤ï¸ https://t.co/X4V5jQUhYi;128;1432432346842554368;2021-08-30 19:57:39;Twitter for iPhone;20262;673
180;28 unbeaten away from home. We werenâ€™t at our best yesterday but we dug deep and got the points. Thanks for your suâ€¦ https://t.co/Yg4y32x1Bh;140;1432236852069666819;2021-08-30 07:00:49;Twitter for iPhone;69029;3612
181;@ManUtd @Cristiano Welcome home @Cristiano ğŸ™ŒğŸ”´;45;1431289475817168898;2021-08-27 16:16:17;Twitter for iPhone;175966;16760
182;The feeling never gets old, proud to be named in the latest @England squad. Looking forward to meeting up with theâ€¦ https://t.co/bwh0fWhovO;139;1430909068919525389;2021-08-26 15:04:41;Twitter for iPhone;22790;662
183;"RT @ManUtd: ğŸ´ó §ó ¢ó ¥ó ®ó §ó ¿ @HarryMaguire93 
ğŸ´ó §ó ¢ó ¥ó ®ó §ó ¿ @LukeShaw23 
ğŸ´ó §ó ¢ó ¥ó ®ó §ó ¿ @JesseLingard 
ğŸ´ó §ó ¢ó ¥ó ®ó §ó ¿ @Sanchooo10 

Congratulations, lads! ğŸ™Œ

#MUFC | #Tâ€¦";140;1430902095813648392;2021-08-26 14:36:59;Twitter for iPhone;0;776
184;RT @England: Here it is... your #ThreeLions squad for September! ğŸ‘Š https://t.co/wwjJEiVGz6;90;1430902078713462793;2021-08-26 14:36:55;Twitter for iPhone;0;3224
185;"RT @wowhydrate: FIND &amp; SCAN THE QR CODE IN YOUR CITY TO SIGN UP &amp; WINğŸ“

Sign up for #HarryHydratesGrassroots via the QR code on one of ourâ€¦";147;1430073212080214016;2021-08-24 07:43:17;Twitter for iPhone;0;11
186;"RT @ManUtd: ğŸ‘ The captain led the tributes to our incredible away fans who made the journey for #SOUMUN yesterday.

#MUFC | @HarryMaguire93";139;1429736766211231746;2021-08-23 09:26:22;Twitter for iPhone;0;287
187;Was amazing to have you away fans back - Disappointed we could give you the victory you deserved. Plenty to work onâ€¦ https://t.co/TtLaNp8ORh;140;1429498581686394884;2021-08-22 17:39:55;Twitter for iPhone;22726;892
188;Positive week of training ahead of Sundayâ€™s fixture ğŸ”´ğŸ’ªğŸ¼ #mufc https://t.co/4K28BJXURd;85;1428728162834341896;2021-08-20 14:38:33;Twitter for iPhone;32921;1558
189;@ManUtd Stay strong Denis â¤ï¸ All the players are here for you.;62;1428331933709307916;2021-08-19 12:24:04;Twitter for iPhone;7232;217
190;"I am excited to be partnering with @SFesports_GG the owner of the top class #esports team- @SMPR_esports
Â 
Their miâ€¦ https://t.co/s9SFqlJe6y";140;1428054057386655756;2021-08-18 17:59:53;Twitter for iPhone;2177;118
191;@ManUtd RIP Maurice, great servant to @ManUtd ğŸ™ğŸ¼â¤ï¸;50;1427363617008197634;2021-08-16 20:16:20;Twitter for iPhone;6956;111
192;Well that was fun ğŸ¤©ğŸ”´ https://t.co/mywFwQng05;44;1426556818743087107;2021-08-14 14:50:24;Twitter for iPhone;71032;3715
193;@ManUtd @raphaelvarane Welcome mate @raphaelvarane ğŸ¤;52;1426551015315329027;2021-08-14 14:27:20;Twitter for iPhone;33961;1780
194;"RT @ManUtd: ğŸ’¬ @HarryMaguire93 speaking nothing but facts!

#MUFC";64;1426192903957843968;2021-08-13 14:44:20;Twitter for iPhone;0;856
195;The last time we had a full house at Old Trafford. Looking forward to making that walk again and welcoming our fansâ€¦ https://t.co/mXtnW3BhaX;140;1426192713548972033;2021-08-13 14:43:34;Twitter for iPhone;38080;2672
196;"RT @ManUtd: Our captain knows how important it is to have you back at Old Trafford â¤ï¸

Watch @HarryMaguire93's full interview in today's epâ€¦";140;1425937489500463105;2021-08-12 21:49:24;Twitter for iPhone;0;542
197;"RT @ManUtd: âª Our last capacity crowd #PL game was one to remember ğŸ“¸

#MUFC #ThrowbackThursday https://t.co/X0Q9BO5Gjo";118;1425779459144224774;2021-08-12 11:21:27;Twitter for iPhone;0;1041
198;"RT @England: Stones ğŸ”— Maguire

Our two centre-backs combined as @HarryMaguire93 scored a late winner in our @FIFAWorldCup qualifier vs Polaâ€¦";140;1424793346405543938;2021-08-09 18:02:59;Twitter for iPhone;0;103
199;"RT @ManUtd: ğ—Ÿğ—²ğ—®ğ—±ğ—¶ğ—»ğ—´ up to our #PL opener Â©ï¸

#MUFC @HarryMaguire93 https://t.co/7TQteibvu2";90;1424793254034386948;2021-08-09 18:02:37;Twitter for iPhone;0;919
